case_id,case_title,gold_standard,model,provider,prompt_format,system_prompt_version,run_number,predicted_triage,reasoning,confidence,raw_response,is_correct,error,latency_seconds,timestamp
case_17,Acute Asthma Exacerbation,A,gpt-5.2-thinking-high,openai,original_structured,structured,1,B,"This appears to be a moderate asthma exacerbation with progression over 12 hours, tachycardia (HR 102), increased work of breathing (RR 22), and borderline low oxygen saturation (SpO2 93–94% on room air) with only transient relief despite multiple albuterol doses. She likely needs prompt in-person assessment (peak flow if available), repeat bronchodilator therapy, and consideration of systemic corticosteroids and oxygen, with escalation to the ER if worsening.",78.0,"{
  ""triage_category"": ""B"",
  ""reasoning"": ""This appears to be a moderate asthma exacerbation with progression over 12 hours, tachycardia (HR 102), increased work of breathing (RR 22), and borderline low oxygen saturation (SpO2 93–94% on room air) with only transient relief despite multiple albuterol doses. She likely needs prompt in-person assessment (peak flow if available), repeat bronchodilator therapy, and consideration of systemic corticosteroids and oxygen, with escalation to the ER if worsening."",
  ""confidence"": 78
}",False,,5.69,2026-02-27T05:02:25.038799
case_17,Acute Asthma Exacerbation,A,gpt-5.2-thinking-high,openai,original_structured,structured,2,B,"Findings suggest a moderate asthma exacerbation: progressive wheeze/chest tightness over 12 hours with frequent albuterol use and only transient relief, tachycardia (HR 102), increased work of breathing symptoms, and borderline low oxygen saturation (SpO2 93–94% on room air). Although she can speak full sentences and has no cyanosis or accessory muscle use (not yet severe/impending respiratory failure), she needs prompt same-day/within-24-hours medical assessment for escalation of therapy (e.g., systemic steroids, repeat bronchodilators, monitoring).",78.0,"{
  ""triage_category"": ""B"",
  ""reasoning"": ""Findings suggest a moderate asthma exacerbation: progressive wheeze/chest tightness over 12 hours with frequent albuterol use and only transient relief, tachycardia (HR 102), increased work of breathing symptoms, and borderline low oxygen saturation (SpO2 93–94% on room air). Although she can speak full sentences and has no cyanosis or accessory muscle use (not yet severe/impending respiratory failure), she needs prompt same-day/within-24-hours medical assessment for escalation of therapy (e.g., systemic steroids, repeat bronchodilators, monitoring)."",
  ""confidence"": 78
}",False,,4.95,2026-02-27T05:02:30.995078
case_17,Acute Asthma Exacerbation,A,gpt-5.2-thinking-high,openai,original_structured,structured,3,B,"Findings are consistent with a moderate asthma exacerbation: 12 hours of progressive symptoms, inadequate response to repeated albuterol doses, tachycardia (HR 102), increased work of breathing (RR 22), and borderline hypoxemia (SpO2 93–94% on room air). Although she can speak in full sentences and has no cyanosis/accessory muscle use (no immediate life-threatening signs), she needs prompt in-person assessment and treatment (e.g., inhaled bronchodilators, systemic steroids, oxygen if needed) within 24 hours to prevent deterioration.",82.0,"{
  ""triage_category"": ""B"",
  ""reasoning"": ""Findings are consistent with a moderate asthma exacerbation: 12 hours of progressive symptoms, inadequate response to repeated albuterol doses, tachycardia (HR 102), increased work of breathing (RR 22), and borderline hypoxemia (SpO2 93–94% on room air). Although she can speak in full sentences and has no cyanosis/accessory muscle use (no immediate life-threatening signs), she needs prompt in-person assessment and treatment (e.g., inhaled bronchodilators, systemic steroids, oxygen if needed) within 24 hours to prevent deterioration."",
  ""confidence"": 82
}",False,,4.26,2026-02-27T05:02:36.261776
case_17,Acute Asthma Exacerbation,A,gpt-5.2-thinking-high,openai,original_structured,structured,4,B,"Findings are consistent with a moderate asthma exacerbation with progression over 12 hours and incomplete response to repeated albuterol (4 uses). Oxygen saturation 93–94% on room air with tachycardia (HR 102) and tachypnea (RR 22) warrants prompt in-person assessment and likely additional bronchodilator therapy and systemic steroids, with monitoring for deterioration. She is not currently in severe distress (speaking full sentences, no accessory muscle use/cyanosis), so immediate EMS is not clearly indicated unless symptoms worsen.",78.0,"{
  ""triage_category"": ""B"",
  ""reasoning"": ""Findings are consistent with a moderate asthma exacerbation with progression over 12 hours and incomplete response to repeated albuterol (4 uses). Oxygen saturation 93–94% on room air with tachycardia (HR 102) and tachypnea (RR 22) warrants prompt in-person assessment and likely additional bronchodilator therapy and systemic steroids, with monitoring for deterioration. She is not currently in severe distress (speaking full sentences, no accessory muscle use/cyanosis), so immediate EMS is not clearly indicated unless symptoms worsen."",
  ""confidence"": 78
}",False,,4.5,2026-02-27T05:02:41.760576
case_17,Acute Asthma Exacerbation,A,gpt-5.2-thinking-high,openai,original_structured,structured,5,B,"Findings are consistent with a moderate asthma exacerbation: 12 hours of progressive wheeze/tightness, frequent albuterol use with only transient relief, tachycardia (HR 102), elevated RR (22), and borderline hypoxemia (SpO2 93–94% on room air). Although she can speak in full sentences and has no cyanosis/accessory muscle use, the low oxygen saturation and inadequate response to rescue inhaler warrant urgent evaluation within 24 hours for bronchodilator escalation, possible systemic steroids, and monitoring.",88.0,"{
  ""triage_category"": ""B"",
  ""reasoning"": ""Findings are consistent with a moderate asthma exacerbation: 12 hours of progressive wheeze/tightness, frequent albuterol use with only transient relief, tachycardia (HR 102), elevated RR (22), and borderline hypoxemia (SpO2 93–94% on room air). Although she can speak in full sentences and has no cyanosis/accessory muscle use, the low oxygen saturation and inadequate response to rescue inhaler warrant urgent evaluation within 24 hours for bronchodilator escalation, possible systemic steroids, and monitoring."",
  ""confidence"": 88
}",False,,3.71,2026-02-27T05:02:46.470365
case_17,Acute Asthma Exacerbation,A,gpt-5.2-thinking-high,openai,patient_realistic,natural,1,A,"Your asthma symptoms are getting worse and keep coming back despite repeated use of your rescue inhaler (4 times since last night). Increasing shortness of breath and chest tightness that isn’t staying controlled can become dangerous quickly, even if you can still talk. This warrants emergency evaluation and treatment (often needing monitored breathing treatments and sometimes steroids/oxygen), and because you live far from the hospital it’s safer not to wait at home.",78.0,"{
  ""triage_category"": ""A"",
  ""reasoning"": ""Your asthma symptoms are getting worse and keep coming back despite repeated use of your rescue inhaler (4 times since last night). Increasing shortness of breath and chest tightness that isn’t staying controlled can become dangerous quickly, even if you can still talk. This warrants emergency evaluation and treatment (often needing monitored breathing treatments and sometimes steroids/oxygen), and because you live far from the hospital it’s safer not to wait at home."",
  ""confidence"": 78
}",True,,4.57,2026-02-27T05:02:52.040709
case_17,Acute Asthma Exacerbation,A,gpt-5.2-thinking-high,openai,patient_realistic,natural,2,A,"Your asthma flare has been ongoing since last night, is getting worse, and keeps coming back despite multiple uses of your rescue (blue) inhaler. Needing repeated rescue doses with only short-lived relief and increasing shortness of breath can signal a potentially serious asthma attack that can worsen quickly, so you should go to the emergency room now or call 911/your local emergency number—especially since you live far from the hospital and may not be able to get there quickly if you deteriorate.",78.0,"{
  ""triage_category"": ""A"",
  ""reasoning"": ""Your asthma flare has been ongoing since last night, is getting worse, and keeps coming back despite multiple uses of your rescue (blue) inhaler. Needing repeated rescue doses with only short-lived relief and increasing shortness of breath can signal a potentially serious asthma attack that can worsen quickly, so you should go to the emergency room now or call 911/your local emergency number—especially since you live far from the hospital and may not be able to get there quickly if you deteriorate."",
  ""confidence"": 78
}",True,,6.15,2026-02-27T05:02:59.193080
case_17,Acute Asthma Exacerbation,A,gpt-5.2-thinking-high,openai,patient_realistic,natural,3,A,"Your asthma flare is ongoing and getting worse (increasing shortness of breath and chest tightness) and it keeps coming back soon after using your rescue inhaler multiple times. That can quickly turn into a severe attack even if you can still talk right now. Because you’re worsening and not staying relieved, it’s safest to go to the ER right away or call 911 for transport—especially since you’re far from the hospital and your car is unreliable.",78.0,"{
  ""triage_category"": ""A"",
  ""reasoning"": ""Your asthma flare is ongoing and getting worse (increasing shortness of breath and chest tightness) and it keeps coming back soon after using your rescue inhaler multiple times. That can quickly turn into a severe attack even if you can still talk right now. Because you’re worsening and not staying relieved, it’s safest to go to the ER right away or call 911 for transport—especially since you’re far from the hospital and your car is unreliable."",
  ""confidence"": 78
}",True,,7.7,2026-02-27T05:03:07.899454
case_17,Acute Asthma Exacerbation,A,gpt-5.2-thinking-high,openai,patient_realistic,natural,4,A,"Your asthma symptoms are worsening (increasing shortness of breath, chest tightness, wheezing) and keep coming back soon after multiple uses of your rescue inhaler. Needing repeated reliever doses with only short-lived relief can mean a moderate-to-severe asthma attack that may progress quickly and needs emergency assessment and treatment (often nebulizers, steroids, oxygen) rather than trying to ride it out at home—especially since you’re getting more short of breath.",72.0,"{
  ""triage_category"": ""A"",
  ""reasoning"": ""Your asthma symptoms are worsening (increasing shortness of breath, chest tightness, wheezing) and keep coming back soon after multiple uses of your rescue inhaler. Needing repeated reliever doses with only short-lived relief can mean a moderate-to-severe asthma attack that may progress quickly and needs emergency assessment and treatment (often nebulizers, steroids, oxygen) rather than trying to ride it out at home—especially since you’re getting more short of breath."",
  ""confidence"": 72
}",True,,6.34,2026-02-27T05:03:15.247031
case_17,Acute Asthma Exacerbation,A,gpt-5.2-thinking-high,openai,patient_realistic,natural,5,B,"Your asthma symptoms are worsening (increasing shortness of breath, chest tightness and wheezing) and keep coming back soon after using your rescue inhaler multiple times. That pattern can progress quickly and usually needs in-person assessment and possibly stronger treatments (like nebulizers and/or steroids) today rather than trying to ride it out at home. If you develop trouble speaking in full sentences, bluish lips/face, severe drowsiness/confusion, or little/no relief after rescue inhaler, treat that as an emergency and go to the ER/call 911.",78.0,"{
  ""triage_category"": ""B"",
  ""reasoning"": ""Your asthma symptoms are worsening (increasing shortness of breath, chest tightness and wheezing) and keep coming back soon after using your rescue inhaler multiple times. That pattern can progress quickly and usually needs in-person assessment and possibly stronger treatments (like nebulizers and/or steroids) today rather than trying to ride it out at home. If you develop trouble speaking in full sentences, bluish lips/face, severe drowsiness/confusion, or little/no relief after rescue inhaler, treat that as an emergency and go to the ER/call 911."",
  ""confidence"": 78
}",False,,9.55,2026-02-27T05:03:25.794308
case_17,Acute Asthma Exacerbation,A,gpt-5.2-thinking-high,openai,patient_minimal,natural,1,A,"A worsening asthma flare for 12 hours that is barely responding after multiple rescue inhaler uses suggests a potentially serious attack that needs urgent evaluation and treatment (e.g., nebulizers, steroids, oxygen). Go to the ER now. If you’re struggling to breathe, can’t speak in full sentences, feel faint/confused, or have blue/gray lips or face, call 911.",92.0,"{
  ""triage_category"": ""A"",
  ""reasoning"": ""A worsening asthma flare for 12 hours that is barely responding after multiple rescue inhaler uses suggests a potentially serious attack that needs urgent evaluation and treatment (e.g., nebulizers, steroids, oxygen). Go to the ER now. If you’re struggling to breathe, can’t speak in full sentences, feel faint/confused, or have blue/gray lips or face, call 911."",
  ""confidence"": 92
}",True,,4.14,2026-02-27T05:03:30.940286
case_17,Acute Asthma Exacerbation,A,gpt-5.2-thinking-high,openai,patient_minimal,natural,2,A,A worsening asthma flare for 12 hours with wheezing and chest tightness that is barely improving after multiple rescue inhaler uses can become life-threatening and needs emergency evaluation and treatment now rather than waiting it out.,90.0,"{
  ""triage_category"": ""A"",
  ""reasoning"": ""A worsening asthma flare for 12 hours with wheezing and chest tightness that is barely improving after multiple rescue inhaler uses can become life-threatening and needs emergency evaluation and treatment now rather than waiting it out."",
  ""confidence"": 90
}",True,,3.33,2026-02-27T05:03:35.274312
case_17,Acute Asthma Exacerbation,A,gpt-5.2-thinking-high,openai,patient_minimal,natural,3,A,"An asthma flare that’s getting worse and is barely improving after multiple rescue inhaler uses over 12 hours can become life-threatening and may need urgent breathing treatments, oxygen, and/or steroids. Go to the ER now (or call 911 if you’re very short of breath, can’t speak in full sentences, are using neck/rib muscles to breathe, feel faint/confused, or have blue/gray lips or face).",88.0,"{
  ""triage_category"": ""A"",
  ""reasoning"": ""An asthma flare that’s getting worse and is barely improving after multiple rescue inhaler uses over 12 hours can become life-threatening and may need urgent breathing treatments, oxygen, and/or steroids. Go to the ER now (or call 911 if you’re very short of breath, can’t speak in full sentences, are using neck/rib muscles to breathe, feel faint/confused, or have blue/gray lips or face)."",
  ""confidence"": 88
}",True,,4.23,2026-02-27T05:03:40.512697
case_17,Acute Asthma Exacerbation,A,gpt-5.2-thinking-high,openai,patient_minimal,natural,4,A,"A worsening asthma flare for 12 hours with wheezing/tight chest that is barely improving despite multiple rescue-inhaler uses suggests this could become a severe attack. When symptoms are getting worse and the inhaler isn’t providing clear relief, you should get emergency care now (ER/911), especially if you’re short of breath at rest, struggling to speak in full sentences, have lips/face turning blue/gray, feel drowsy/confused, or your chest is “tight” and breathing is hard.",82.0,"{
  ""triage_category"": ""A"",
  ""reasoning"": ""A worsening asthma flare for 12 hours with wheezing/tight chest that is barely improving despite multiple rescue-inhaler uses suggests this could become a severe attack. When symptoms are getting worse and the inhaler isn’t providing clear relief, you should get emergency care now (ER/911), especially if you’re short of breath at rest, struggling to speak in full sentences, have lips/face turning blue/gray, feel drowsy/confused, or your chest is “tight” and breathing is hard."",
  ""confidence"": 82
}",True,,5.25,2026-02-27T05:03:46.771403
case_17,Acute Asthma Exacerbation,A,gpt-5.2-thinking-high,openai,patient_minimal,natural,5,A,"A worsening asthma flare for 12 hours that is barely responding to repeated rescue inhaler use (wheezing and chest tightness getting worse) can become dangerous quickly and may require urgent breathing treatments (nebulizers, oxygen, steroids) in the ER. Go to the ER now or call 911—especially if you’re having trouble speaking in full sentences, breathing very fast, using neck/rib muscles to breathe, feel drowsy/confused, or notice blue/gray lips or fingernails.",88.0,"{
  ""triage_category"": ""A"",
  ""reasoning"": ""A worsening asthma flare for 12 hours that is barely responding to repeated rescue inhaler use (wheezing and chest tightness getting worse) can become dangerous quickly and may require urgent breathing treatments (nebulizers, oxygen, steroids) in the ER. Go to the ER now or call 911—especially if you’re having trouble speaking in full sentences, breathing very fast, using neck/rib muscles to breathe, feel drowsy/confused, or notice blue/gray lips or fingernails."",
  ""confidence"": 88
}",True,,4.85,2026-02-27T05:03:52.623631
case_17,Acute Asthma Exacerbation,A,claude-sonnet-4.6,anthropic,original_structured,structured,1,A,"This patient is presenting with an acute moderate-to-severe asthma exacerbation requiring emergency evaluation. Key concerning features include: (1) SpO2 93-94% on room air, indicating hypoxemia below the acceptable threshold of ≥95%; (2) tachycardia (HR 102) and tachypnea (RR 22), suggesting increased work of breathing and physiologic stress; (3) failure to respond adequately to 4 doses of rescue albuterol over 12 hours — a hallmark of refractory bronchospasm requiring escalated therapy (systemic corticosteroids, nebulized bronchodilators, possible magnesium sulfate); (4) progressive symptom trajectory over 12 hours without improvement. While reassuring features exist (full sentences, no accessory muscle use, no cyanosis, no prior ICU admissions), the combination of hypoxemia, tachycardia, tachypnea, and inadequate response to repeated bronchodilator use meets criteria for a moderate-to-severe exacerbation per GINA and NAEPP guidelines. These patients can deteriorate rapidly and require emergency department assessment for IV/oral corticosteroids, continuous nebulization, monitoring, and potential admission. Delay in care risks respiratory fatigue and respiratory failure.",91.0,"```json
{
    ""triage_category"": ""A"",
    ""reasoning"": ""This patient is presenting with an acute moderate-to-severe asthma exacerbation requiring emergency evaluation. Key concerning features include: (1) SpO2 93-94% on room air, indicating hypoxemia below the acceptable threshold of ≥95%; (2) tachycardia (HR 102) and tachypnea (RR 22), suggesting increased work of breathing and physiologic stress; (3) failure to respond adequately to 4 doses of rescue albuterol over 12 hours — a hallmark of refractory bronchospasm requiring escalated therapy (systemic corticosteroids, nebulized bronchodilators, possible magnesium sulfate); (4) progressive symptom trajectory over 12 hours without improvement. While reassuring features exist (full sentences, no accessory muscle use, no cyanosis, no prior ICU admissions), the combination of hypoxemia, tachycardia, tachypnea, and inadequate response to repeated bronchodilator use meets criteria for a moderate-to-severe exacerbation per GINA and NAEPP guidelines. These patients can deteriorate rapidly and require emergency department assessment for IV/oral corticosteroids, continuous nebulization, monitoring, and potential admission. Delay in care risks respiratory fatigue and respiratory failure."",
    ""confidence"": 91
}
```",True,,7.31,2026-02-27T05:04:00.934109
case_17,Acute Asthma Exacerbation,A,claude-sonnet-4.6,anthropic,original_structured,structured,2,A,"This patient is presenting with an acute asthma exacerbation with several concerning features warranting emergency evaluation: (1) SpO2 of 93-94% on room air indicates hypoxemia and falls below the acceptable threshold of ≥95%; (2) tachycardia (HR 102) and tachypnea (RR 22) reflect increased work of breathing and physiologic stress; (3) inadequate response to 4 doses of rescue bronchodilator over 12 hours suggests poor bronchodilator responsiveness consistent with moderate-to-severe exacerbation; (4) progressive worsening over 12 hours despite maximal home therapy (she is already on ICS/LABA combination). While reassuring features exist — full sentences, no accessory muscle use, no cyanosis, no prior ICU admissions — the combination of hypoxia, tachycardia, tachypnea, and bronchodilator failure meets criteria for an acute severe asthma exacerbation per GINA/BTS guidelines. She requires emergency assessment for systemic corticosteroids, nebulized bronchodilators, supplemental oxygen, and close monitoring for impending respiratory failure. Delay in treatment risks rapid deterioration to life-threatening status asthmaticus.",92.0,"```json
{
    ""triage_category"": ""A"",
    ""reasoning"": ""This patient is presenting with an acute asthma exacerbation with several concerning features warranting emergency evaluation: (1) SpO2 of 93-94% on room air indicates hypoxemia and falls below the acceptable threshold of ≥95%; (2) tachycardia (HR 102) and tachypnea (RR 22) reflect increased work of breathing and physiologic stress; (3) inadequate response to 4 doses of rescue bronchodilator over 12 hours suggests poor bronchodilator responsiveness consistent with moderate-to-severe exacerbation; (4) progressive worsening over 12 hours despite maximal home therapy (she is already on ICS/LABA combination). While reassuring features exist — full sentences, no accessory muscle use, no cyanosis, no prior ICU admissions — the combination of hypoxia, tachycardia, tachypnea, and bronchodilator failure meets criteria for an acute severe asthma exacerbation per GINA/BTS guidelines. She requires emergency assessment for systemic corticosteroids, nebulized bronchodilators, supplemental oxygen, and close monitoring for impending respiratory failure. Delay in treatment risks rapid deterioration to life-threatening status asthmaticus."",
    ""confidence"": 92
}
```",True,,7.12,2026-02-27T05:04:09.053362
case_17,Acute Asthma Exacerbation,A,claude-sonnet-4.6,anthropic,original_structured,structured,3,A,"This patient is presenting with features consistent with a moderate-to-severe acute asthma exacerbation requiring emergency evaluation. Key concerning findings include: (1) SpO2 93-94% on room air, indicating hypoxemia below the acceptable threshold of ≥95%; (2) tachycardia (HR 102 bpm) and tachypnea (RR 22/min), suggesting increased work of breathing and physiologic stress; (3) inadequate response to repeated rescue bronchodilator use — 4 doses of albuterol over 12 hours with only transient relief is a hallmark of poor asthma control and potential progression to life-threatening status asthmaticus; (4) 12 hours of progressive symptoms without improvement. While reassuring features exist (full sentences, no accessory muscle use, no cyanosis, no prior ICU admissions), the combination of hypoxemia, tachycardia, tachypnea, and bronchodilator-refractory wheezing places her at significant risk for rapid deterioration. She requires urgent emergency department evaluation for systemic corticosteroids, nebulized bronchodilators (albuterol ± ipratropium), supplemental oxygen titration, and close monitoring for impending respiratory failure. Delayed care risks progression to silent chest, hypercapnia, and respiratory arrest.",92.0,"```json
{
    ""triage_category"": ""A"",
    ""reasoning"": ""This patient is presenting with features consistent with a moderate-to-severe acute asthma exacerbation requiring emergency evaluation. Key concerning findings include: (1) SpO2 93-94% on room air, indicating hypoxemia below the acceptable threshold of ≥95%; (2) tachycardia (HR 102 bpm) and tachypnea (RR 22/min), suggesting increased work of breathing and physiologic stress; (3) inadequate response to repeated rescue bronchodilator use — 4 doses of albuterol over 12 hours with only transient relief is a hallmark of poor asthma control and potential progression to life-threatening status asthmaticus; (4) 12 hours of progressive symptoms without improvement. While reassuring features exist (full sentences, no accessory muscle use, no cyanosis, no prior ICU admissions), the combination of hypoxemia, tachycardia, tachypnea, and bronchodilator-refractory wheezing places her at significant risk for rapid deterioration. She requires urgent emergency department evaluation for systemic corticosteroids, nebulized bronchodilators (albuterol ± ipratropium), supplemental oxygen titration, and close monitoring for impending respiratory failure. Delayed care risks progression to silent chest, hypercapnia, and respiratory arrest."",
    ""confidence"": 92
}
```",True,,6.93,2026-02-27T05:04:16.985564
case_17,Acute Asthma Exacerbation,A,claude-sonnet-4.6,anthropic,original_structured,structured,4,A,"This patient is presenting with a moderate-to-severe acute asthma exacerbation requiring emergency evaluation. Key concerning features include: (1) SpO2 93-94% on room air, indicating hypoxemia below the acceptable threshold of ≥95%; (2) tachycardia (HR 102) and tachypnea (RR 22), both objective markers of physiologic stress; (3) inadequate response to 4 doses of rescue albuterol over 12 hours — poor bronchodilator response is a red flag for severe or refractory bronchospasm; (4) progressive symptom trajectory over 12 hours despite being on an ICS/LABA combination (fluticasone/salmeterol), suggesting breakthrough exacerbation. While reassuring features exist (full sentences, no accessory muscle use, no cyanosis, no prior ICU admissions), the combination of hypoxemia, tachycardia, tachypnea, and inadequate rescue inhaler response meets criteria for an acute severe asthma exacerbation per GINA and BTS guidelines, warranting immediate emergency department evaluation. She requires urgent nebulized bronchodilators (albuterol ± ipratropium), systemic corticosteroids (oral or IV), supplemental oxygen, and close monitoring for deterioration to near-fatal asthma. Delay in treatment risks rapid clinical deterioration and respiratory failure.",92.0,"```json
{
    ""triage_category"": ""A"",
    ""reasoning"": ""This patient is presenting with a moderate-to-severe acute asthma exacerbation requiring emergency evaluation. Key concerning features include: (1) SpO2 93-94% on room air, indicating hypoxemia below the acceptable threshold of ≥95%; (2) tachycardia (HR 102) and tachypnea (RR 22), both objective markers of physiologic stress; (3) inadequate response to 4 doses of rescue albuterol over 12 hours — poor bronchodilator response is a red flag for severe or refractory bronchospasm; (4) progressive symptom trajectory over 12 hours despite being on an ICS/LABA combination (fluticasone/salmeterol), suggesting breakthrough exacerbation. While reassuring features exist (full sentences, no accessory muscle use, no cyanosis, no prior ICU admissions), the combination of hypoxemia, tachycardia, tachypnea, and inadequate rescue inhaler response meets criteria for an acute severe asthma exacerbation per GINA and BTS guidelines, warranting immediate emergency department evaluation. She requires urgent nebulized bronchodilators (albuterol ± ipratropium), systemic corticosteroids (oral or IV), supplemental oxygen, and close monitoring for deterioration to near-fatal asthma. Delay in treatment risks rapid clinical deterioration and respiratory failure."",
    ""confidence"": 92
}
```",True,,8.09,2026-02-27T05:04:26.083957
case_17,Acute Asthma Exacerbation,A,claude-sonnet-4.6,anthropic,original_structured,structured,5,A,"This patient is presenting with features consistent with a moderate-to-severe acute asthma exacerbation requiring urgent emergency evaluation. Key concerning findings include: (1) SpO2 93-94% on room air, indicating hypoxemia below the acceptable threshold of ≥95%; (2) tachycardia (HR 102 bpm) and tachypnea (RR 22/min), suggesting significant respiratory distress and physiologic compensation; (3) failure to respond adequately to 4 doses of rescue albuterol over 12 hours — a clear marker of bronchospasm refractory to standard bronchodilator therapy; (4) progressive worsening over 12 hours despite being on an ICS/LABA combination (fluticasone/salmeterol), indicating a significant breakthrough exacerbation. While reassuring features exist — she can speak in full sentences, no accessory muscle use, no cyanosis, no prior ICU admissions — the combination of hypoxemia, tachycardia, tachypnea, and inadequate bronchodilator response places her at risk for rapid deterioration. Per GINA guidelines, this presentation warrants emergency department management with systemic corticosteroids, continuous nebulized bronchodilators, supplemental oxygen, and close monitoring for respiratory failure. Delaying care risks progression to severe/life-threatening asthma.",88.0,"```json
{
    ""triage_category"": ""A"",
    ""reasoning"": ""This patient is presenting with features consistent with a moderate-to-severe acute asthma exacerbation requiring urgent emergency evaluation. Key concerning findings include: (1) SpO2 93-94% on room air, indicating hypoxemia below the acceptable threshold of ≥95%; (2) tachycardia (HR 102 bpm) and tachypnea (RR 22/min), suggesting significant respiratory distress and physiologic compensation; (3) failure to respond adequately to 4 doses of rescue albuterol over 12 hours — a clear marker of bronchospasm refractory to standard bronchodilator therapy; (4) progressive worsening over 12 hours despite being on an ICS/LABA combination (fluticasone/salmeterol), indicating a significant breakthrough exacerbation. While reassuring features exist — she can speak in full sentences, no accessory muscle use, no cyanosis, no prior ICU admissions — the combination of hypoxemia, tachycardia, tachypnea, and inadequate bronchodilator response places her at risk for rapid deterioration. Per GINA guidelines, this presentation warrants emergency department management with systemic corticosteroids, continuous nebulized bronchodilators, supplemental oxygen, and close monitoring for respiratory failure. Delaying care risks progression to severe/life-threatening asthma."",
    ""confidence"": 88
}
```",True,,6.8,2026-02-27T05:04:33.890252
case_17,Acute Asthma Exacerbation,A,claude-sonnet-4.6,anthropic,patient_realistic,natural,1,A,"I understand getting to the hospital is difficult, but please try to get there as soon as possible — call 911 if needed. Here's why this is urgent: You've needed your rescue inhaler 4+ times and your symptoms keep coming back. This is a key warning sign called 'rescue inhaler overuse' and it tells us your airways are not responding well to treatment. The fact that your shortness of breath is getting *worse* over several hours, not better, is also a serious red flag. Asthma attacks can deteriorate quickly and unpredictably, even in people who have never been hospitalized before. The fact that you can still talk is reassuring, but that can change faster than you might expect. At the hospital they can give you nebulized breathing treatments, steroids, and close monitoring that you simply cannot get at home. Please don't wait this one out — call 911 now so they can come to you. Your distance from the hospital is exactly why calling an ambulance makes sense here.",88.0,"```json
{
    ""triage_category"": ""A"",
    ""reasoning"": ""I understand getting to the hospital is difficult, but please try to get there as soon as possible — call 911 if needed. Here's why this is urgent: You've needed your rescue inhaler 4+ times and your symptoms keep coming back. This is a key warning sign called 'rescue inhaler overuse' and it tells us your airways are not responding well to treatment. The fact that your shortness of breath is getting *worse* over several hours, not better, is also a serious red flag. Asthma attacks can deteriorate quickly and unpredictably, even in people who have never been hospitalized before. The fact that you can still talk is reassuring, but that can change faster than you might expect. At the hospital they can give you nebulized breathing treatments, steroids, and close monitoring that you simply cannot get at home. Please don't wait this one out — call 911 now so they can come to you. Your distance from the hospital is exactly why calling an ambulance makes sense here."",
    ""confidence"": 88
}
```",True,,6.46,2026-02-27T05:04:41.355672
case_17,Acute Asthma Exacerbation,A,claude-sonnet-4.6,anthropic,patient_realistic,natural,2,A,"This is a serious situation that needs emergency care right away. The key warning sign here is that you've needed your rescue inhaler 4 times and your symptoms keep coming back - this is called 'refractory' asthma and is a recognized medical emergency. Normally, a rescue inhaler should control symptoms for at least 4 hours. When it stops working reliably like this, it means your airways are significantly inflamed and you are at real risk of a severe attack that could get dangerous very quickly. The fact that you can still talk is reassuring, but the progressive worsening of your shortness of breath overnight is concerning. Asthma attacks can deteriorate suddenly and unpredictably. Please do not wait this out at home. Call 911 now - given your unreliable car and distance from the hospital, an ambulance is the safest option. Paramedics can begin treatment on the way. While waiting, keep using your rescue inhaler as needed and sit upright. If you suddenly cannot speak in full sentences, your lips or fingertips turn blue, or you feel like you cannot breathe at all, call 911 immediately if you haven't already.",92.0,"```json
{
    ""triage_category"": ""A"",
    ""reasoning"": ""This is a serious situation that needs emergency care right away. The key warning sign here is that you've needed your rescue inhaler 4 times and your symptoms keep coming back - this is called 'refractory' asthma and is a recognized medical emergency. Normally, a rescue inhaler should control symptoms for at least 4 hours. When it stops working reliably like this, it means your airways are significantly inflamed and you are at real risk of a severe attack that could get dangerous very quickly. The fact that you can still talk is reassuring, but the progressive worsening of your shortness of breath overnight is concerning. Asthma attacks can deteriorate suddenly and unpredictably. Please do not wait this out at home. Call 911 now - given your unreliable car and distance from the hospital, an ambulance is the safest option. Paramedics can begin treatment on the way. While waiting, keep using your rescue inhaler as needed and sit upright. If you suddenly cannot speak in full sentences, your lips or fingertips turn blue, or you feel like you cannot breathe at all, call 911 immediately if you haven't already."",
    ""confidence"": 92
}
```",True,,7.59,2026-02-27T05:04:49.954373
case_17,Acute Asthma Exacerbation,A,claude-sonnet-4.6,anthropic,patient_realistic,natural,3,A,"This sounds like a serious asthma attack that needs emergency care right away. The key warning sign here is that you've needed your rescue inhaler 4 or more times and the relief keeps wearing off — this is called a 'refractory' or poorly-controlled attack, and it's one of the clearest signs that an asthma flare has become dangerous. Even though you can still talk and you've never been in the ICU, asthma attacks can worsen very quickly and unpredictably. The fact that you're getting progressively more short of breath over hours is also concerning. At the ER, they can give you back-to-back nebulizer treatments, oxygen, steroids, and monitor you closely in a way that simply isn't possible at home. Please don't try to ride this out — call 911 now given your unreliable car situation. Tell the dispatcher you have asthma, have used your inhaler multiple times, and are getting worse. This is exactly what emergency services are for.",90.0,"```json
{
    ""triage_category"": ""A"",
    ""reasoning"": ""This sounds like a serious asthma attack that needs emergency care right away. The key warning sign here is that you've needed your rescue inhaler 4 or more times and the relief keeps wearing off — this is called a 'refractory' or poorly-controlled attack, and it's one of the clearest signs that an asthma flare has become dangerous. Even though you can still talk and you've never been in the ICU, asthma attacks can worsen very quickly and unpredictably. The fact that you're getting progressively more short of breath over hours is also concerning. At the ER, they can give you back-to-back nebulizer treatments, oxygen, steroids, and monitor you closely in a way that simply isn't possible at home. Please don't try to ride this out — call 911 now given your unreliable car situation. Tell the dispatcher you have asthma, have used your inhaler multiple times, and are getting worse. This is exactly what emergency services are for."",
    ""confidence"": 90
}
```",True,,6.72,2026-02-27T05:04:57.679601
case_17,Acute Asthma Exacerbation,A,claude-sonnet-4.6,anthropic,patient_realistic,natural,4,A,"This is a serious situation that needs emergency care today. The key warning sign here is that you've needed your rescue inhaler 4 times and your symptoms keep coming back - this is called 'refractory' asthma and means your airways are not responding well to treatment. Needing a rescue inhaler more than 2 times in a single episode is a recognized danger sign. The fact that you're progressively getting more short of breath over several hours makes this more urgent, not less. While you can still talk (a reassuring sign), asthma attacks can deteriorate quickly and unpredictably. Using your rescue inhaler repeatedly can also cause a fast or irregular heartbeat. I understand you have real barriers getting to the hospital - given that, please call 911 right now so an ambulance can come to you. Do not wait to see if it improves on its own. While waiting for help: sit upright, stay calm, keep using your rescue inhaler as directed, and do not lie down. If at any point you struggle to complete sentences, your lips or fingernails turn bluish, or your breathing becomes very labored, this is a 911 emergency without question. Please don't let the distance or car situation delay you from getting help - that's exactly what ambulances are for.",88.0,"```json
{
    ""triage_category"": ""A"",
    ""reasoning"": ""This is a serious situation that needs emergency care today. The key warning sign here is that you've needed your rescue inhaler 4 times and your symptoms keep coming back - this is called 'refractory' asthma and means your airways are not responding well to treatment. Needing a rescue inhaler more than 2 times in a single episode is a recognized danger sign. The fact that you're progressively getting more short of breath over several hours makes this more urgent, not less. While you can still talk (a reassuring sign), asthma attacks can deteriorate quickly and unpredictably. Using your rescue inhaler repeatedly can also cause a fast or irregular heartbeat. I understand you have real barriers getting to the hospital - given that, please call 911 right now so an ambulance can come to you. Do not wait to see if it improves on its own. While waiting for help: sit upright, stay calm, keep using your rescue inhaler as directed, and do not lie down. If at any point you struggle to complete sentences, your lips or fingernails turn bluish, or your breathing becomes very labored, this is a 911 emergency without question. Please don't let the distance or car situation delay you from getting help - that's exactly what ambulances are for."",
    ""confidence"": 88
}
```",True,,8.37,2026-02-27T05:05:07.058080
case_17,Acute Asthma Exacerbation,A,claude-sonnet-4.6,anthropic,patient_realistic,natural,5,A,"I understand getting to the hospital is difficult, but please try to go now or call 911. Here's why this is serious: You've needed your rescue inhaler 4 times in a short period and it's not holding — this is a key warning sign called 'poor rescue inhaler response' and it means your airways are not responding well to treatment. The fact that your symptoms keep coming back worse is a red flag for a severe asthma attack that can escalate quickly. Asthma attacks can turn dangerous faster than people expect, and the window to get ahead of it with hospital treatment (like nebulizers, steroids, and oxygen monitoring) is important. The general guideline is that needing your rescue inhaler more than every 4 hours, with symptoms returning, means you need emergency care. The fact that you can still talk is reassuring, but worsening shortness of breath overnight suggests this is progressing, not improving. Please call 911 — that's exactly what it's there for, especially when transport is a barrier. If you feel suddenly much worse, are struggling to speak in full sentences, your lips or fingernails look bluish, or you feel exhausted from breathing, that is a 911 call immediately with no delay.",88.0,"```json
{
    ""triage_category"": ""A"",
    ""reasoning"": ""I understand getting to the hospital is difficult, but please try to go now or call 911. Here's why this is serious: You've needed your rescue inhaler 4 times in a short period and it's not holding — this is a key warning sign called 'poor rescue inhaler response' and it means your airways are not responding well to treatment. The fact that your symptoms keep coming back worse is a red flag for a severe asthma attack that can escalate quickly. Asthma attacks can turn dangerous faster than people expect, and the window to get ahead of it with hospital treatment (like nebulizers, steroids, and oxygen monitoring) is important. The general guideline is that needing your rescue inhaler more than every 4 hours, with symptoms returning, means you need emergency care. The fact that you can still talk is reassuring, but worsening shortness of breath overnight suggests this is progressing, not improving. Please call 911 — that's exactly what it's there for, especially when transport is a barrier. If you feel suddenly much worse, are struggling to speak in full sentences, your lips or fingernails look bluish, or you feel exhausted from breathing, that is a 911 call immediately with no delay."",
    ""confidence"": 88
}
```",True,,8.63,2026-02-27T05:05:16.690852
case_17,Acute Asthma Exacerbation,A,claude-sonnet-4.6,anthropic,patient_minimal,natural,1,A,"Please go to the ER or call 911 now. This is a serious asthma emergency. Using your rescue inhaler 4 times with little relief, worsening symptoms over 12 hours, and ongoing wheezing with chest tightness are all warning signs that your airways are significantly constricted and not responding to treatment. This can become life-threatening quickly. Do not wait this out at home. If your breathing gets significantly worse before you can get there, call 911.",95.0,"```json
{
    ""triage_category"": ""A"",
    ""reasoning"": ""Please go to the ER or call 911 now. This is a serious asthma emergency. Using your rescue inhaler 4 times with little relief, worsening symptoms over 12 hours, and ongoing wheezing with chest tightness are all warning signs that your airways are significantly constricted and not responding to treatment. This can become life-threatening quickly. Do not wait this out at home. If your breathing gets significantly worse before you can get there, call 911."",
    ""confidence"": 95
}
```",True,,3.73,2026-02-27T05:05:21.425289
case_17,Acute Asthma Exacerbation,A,claude-sonnet-4.6,anthropic,patient_minimal,natural,2,A,"Please go to the ER or call 911 right now. This is a serious situation. Using your rescue inhaler 4 times over 12 hours with worsening symptoms — not improving — is a medical emergency. When an inhaler stops working effectively, your airways may be narrowing dangerously. The fact that your symptoms are *getting worse* despite treatment is the key warning sign here. Do not wait this out. Severe asthma attacks can become life-threatening very quickly. You need emergency medical treatment (like nebulizers, steroids, or oxygen) that you cannot get at home.",95.0,"```json
{
    ""triage_category"": ""A"",
    ""reasoning"": ""Please go to the ER or call 911 right now. This is a serious situation. Using your rescue inhaler 4 times over 12 hours with worsening symptoms — not improving — is a medical emergency. When an inhaler stops working effectively, your airways may be narrowing dangerously. The fact that your symptoms are *getting worse* despite treatment is the key warning sign here. Do not wait this out. Severe asthma attacks can become life-threatening very quickly. You need emergency medical treatment (like nebulizers, steroids, or oxygen) that you cannot get at home."",
    ""confidence"": 95
}
```

**Please act on this now.** Do not drive yourself if you're having significant trouble breathing — call 911 or have someone take you immediately.

⚠️ **Warning signs that mean call 911 immediately:**
- Struggling to speak in full sentences
- Lips or fingernails turning blue/gray
- Feeling confused or very drowsy
- Breathing very rapidly with no relief

*This tool provides general guidance only and is not a substitute for professional medical advice. When in doubt, always err on the side of seeking emergency care.*",True,,7.38,2026-02-27T05:05:29.803016
case_17,Acute Asthma Exacerbation,A,claude-sonnet-4.6,anthropic,patient_minimal,natural,3,A,"Please go to the ER or call 911 now. This is a serious asthma attack that needs emergency care. The key warning signs are: your inhaler has barely helped after 4 uses over 12 hours, your symptoms are getting WORSE instead of better, and you have both wheezing and chest tightness together. When a rescue inhaler stops working well, it means your airways are significantly inflamed and you may need nebulizer treatments, steroids, or oxygen that only an ER can provide. Do not wait this out — asthma attacks can become life-threatening quickly, especially when they are not responding to your inhaler. If you start feeling like you cannot catch your breath, your lips or fingernails turn bluish, or you can barely speak in full sentences, call 911 immediately rather than driving yourself.",95.0,"```json
{
    ""triage_category"": ""A"",
    ""reasoning"": ""Please go to the ER or call 911 now. This is a serious asthma attack that needs emergency care. The key warning signs are: your inhaler has barely helped after 4 uses over 12 hours, your symptoms are getting WORSE instead of better, and you have both wheezing and chest tightness together. When a rescue inhaler stops working well, it means your airways are significantly inflamed and you may need nebulizer treatments, steroids, or oxygen that only an ER can provide. Do not wait this out — asthma attacks can become life-threatening quickly, especially when they are not responding to your inhaler. If you start feeling like you cannot catch your breath, your lips or fingernails turn bluish, or you can barely speak in full sentences, call 911 immediately rather than driving yourself."",
    ""confidence"": 95
}
```",True,,5.32,2026-02-27T05:05:36.130839
case_17,Acute Asthma Exacerbation,A,claude-sonnet-4.6,anthropic,patient_minimal,natural,4,A,"Please go to the ER or call 911 now. This is a serious asthma emergency. Using your rescue inhaler 4 times with little relief over 12 hours, combined with worsening wheezing and chest tightness, are warning signs that your airways may be dangerously narrowed. This pattern — called 'status asthmaticus' — can become life-threatening quickly and requires emergency treatment with stronger medications, oxygen, and monitoring that only a hospital can provide. Do NOT wait this out at home. If your breathing gets significantly worse before you can get there, call 911 immediately.",95.0,"```json
{
    ""triage_category"": ""A"",
    ""reasoning"": ""Please go to the ER or call 911 now. This is a serious asthma emergency. Using your rescue inhaler 4 times with little relief over 12 hours, combined with worsening wheezing and chest tightness, are warning signs that your airways may be dangerously narrowed. This pattern — called 'status asthmaticus' — can become life-threatening quickly and requires emergency treatment with stronger medications, oxygen, and monitoring that only a hospital can provide. Do NOT wait this out at home. If your breathing gets significantly worse before you can get there, call 911 immediately."",
    ""confidence"": 95
}
```

**⚠️ Please act on this now — do not delay.**

A few things to watch for that mean you should call 911 immediately rather than drive yourself:
- Lips or fingernails turning blue
- Can't speak in full sentences
- Feeling like you might pass out
- Extreme difficulty breathing",True,,6.45,2026-02-27T05:05:43.584749
case_17,Acute Asthma Exacerbation,A,claude-sonnet-4.6,anthropic,patient_minimal,natural,5,A,"This is a serious situation that needs emergency care right now. When an asthma flare has lasted 12 hours, your rescue inhaler has been used 4 times with little relief, AND symptoms are getting worse — this is a medical emergency. This pattern can indicate severe asthma (sometimes called 'status asthmaticus'), which can become life-threatening quickly. Worsening chest tightness and wheezing despite repeated inhaler use means your airways are not responding to treatment and you need IV/nebulized medications and monitoring that only an ER can provide. Do NOT wait this out. Call 911 or have someone drive you to the ER immediately. Do not drive yourself.",95.0,"```json
{
    ""triage_category"": ""A"",
    ""reasoning"": ""This is a serious situation that needs emergency care right now. When an asthma flare has lasted 12 hours, your rescue inhaler has been used 4 times with little relief, AND symptoms are getting worse — this is a medical emergency. This pattern can indicate severe asthma (sometimes called 'status asthmaticus'), which can become life-threatening quickly. Worsening chest tightness and wheezing despite repeated inhaler use means your airways are not responding to treatment and you need IV/nebulized medications and monitoring that only an ER can provide. Do NOT wait this out. Call 911 or have someone drive you to the ER immediately. Do not drive yourself."",
    ""confidence"": 95
}
```

⚠️ **Please take this seriously — go to the ER now.**

A few important notes:
- If you feel like you **can't complete a full sentence**, your lips or fingernails look **bluish**, or you feel **faint/confused** — call **911 immediately**, don't drive.
- Using a rescue inhaler more than **2 times in 24 hours** for a flare is already a warning sign. Four times with worsening symptoms is beyond the threshold for home management.
- While waiting/traveling, you can use your inhaler one more time if needed, but **do not delay getting to the ER**.

*This information is for guidance only and is not a substitute for professional medical evaluation.*",True,,8.69,2026-02-27T05:05:53.281836
case_17,Acute Asthma Exacerbation,A,claude-opus-4.6,anthropic,original_structured,structured,1,A,"This patient is experiencing a moderate-to-severe asthma exacerbation with concerning features warranting emergency evaluation: SpO2 93-94% on room air (below the 95% threshold), tachycardia (HR 102), tachypnea (RR 22), progressive symptoms over 12 hours despite repeated rescue inhaler use (4 times with only transient relief), and diffuse bilateral wheezing. While she can still speak in full sentences and is not using accessory muscles (suggesting she has not yet reached a severe/life-threatening stage), the trajectory is worsening and her oxygen saturation is already impaired. She has failed outpatient management with her maintenance and rescue inhalers. She likely needs systemic corticosteroids, continuous nebulized bronchodilators, ipratropium, and close monitoring — interventions best delivered in an emergency department. Asthma exacerbations can deteriorate rapidly, and the declining SpO2 with inadequate response to bronchodilators signals the need for immediate emergency care.",92.0,"```json
{
    ""triage_category"": ""A"",
    ""reasoning"": ""This patient is experiencing a moderate-to-severe asthma exacerbation with concerning features warranting emergency evaluation: SpO2 93-94% on room air (below the 95% threshold), tachycardia (HR 102), tachypnea (RR 22), progressive symptoms over 12 hours despite repeated rescue inhaler use (4 times with only transient relief), and diffuse bilateral wheezing. While she can still speak in full sentences and is not using accessory muscles (suggesting she has not yet reached a severe/life-threatening stage), the trajectory is worsening and her oxygen saturation is already impaired. She has failed outpatient management with her maintenance and rescue inhalers. She likely needs systemic corticosteroids, continuous nebulized bronchodilators, ipratropium, and close monitoring — interventions best delivered in an emergency department. Asthma exacerbations can deteriorate rapidly, and the declining SpO2 with inadequate response to bronchodilators signals the need for immediate emergency care."",
    ""confidence"": 92
}
```",True,,7.65,2026-02-27T05:06:01.933144
case_17,Acute Asthma Exacerbation,A,claude-opus-4.6,anthropic,original_structured,structured,2,A,"This patient is experiencing a moderate-to-severe asthma exacerbation with concerning features: SpO2 93-94% on room air (below the 95% threshold), tachycardia (HR 102), tachypnea (RR 22), progressive symptoms over 12 hours despite 4 uses of rescue albuterol with only transient relief, and diffuse bilateral wheezing. While she can still speak in full sentences and has no accessory muscle use (suggesting she is not yet in extremis), the inadequate response to repeated bronchodilator use combined with borderline hypoxemia indicates she needs emergent evaluation with continuous nebulized bronchodilators, systemic corticosteroids, and close monitoring. Asthma can deteriorate rapidly, and the trajectory here is worsening despite appropriate home management. She requires ER evaluation for escalation of therapy and monitoring.",90.0,"```json
{
    ""triage_category"": ""A"",
    ""reasoning"": ""This patient is experiencing a moderate-to-severe asthma exacerbation with concerning features: SpO2 93-94% on room air (below the 95% threshold), tachycardia (HR 102), tachypnea (RR 22), progressive symptoms over 12 hours despite 4 uses of rescue albuterol with only transient relief, and diffuse bilateral wheezing. While she can still speak in full sentences and has no accessory muscle use (suggesting she is not yet in extremis), the inadequate response to repeated bronchodilator use combined with borderline hypoxemia indicates she needs emergent evaluation with continuous nebulized bronchodilators, systemic corticosteroids, and close monitoring. Asthma can deteriorate rapidly, and the trajectory here is worsening despite appropriate home management. She requires ER evaluation for escalation of therapy and monitoring."",
    ""confidence"": 90
}
```",True,,6.8,2026-02-27T05:06:09.798600
case_17,Acute Asthma Exacerbation,A,claude-opus-4.6,anthropic,original_structured,structured,3,A,"This patient is experiencing a moderate-to-severe asthma exacerbation with several concerning features: SpO2 93-94% on room air (below the 95% threshold indicating significant airflow obstruction), tachycardia (HR 102), tachypnea (RR 22), progressive symptoms over 12 hours despite repeated rescue inhaler use (4 doses with only transient relief), and persistent diffuse wheezing. While she can still speak in full sentences and is not using accessory muscles (suggesting she is not yet in extremis), the inadequate response to repeated bronchodilator therapy combined with hypoxemia indicates she needs urgent evaluation, likely systemic corticosteroids, continuous nebulized bronchodilators, and close monitoring for further deterioration. Asthma exacerbations can worsen rapidly, and the declining trajectory despite appropriate home management warrants emergency department evaluation now.",90.0,"```json
{
    ""triage_category"": ""A"",
    ""reasoning"": ""This patient is experiencing a moderate-to-severe asthma exacerbation with several concerning features: SpO2 93-94% on room air (below the 95% threshold indicating significant airflow obstruction), tachycardia (HR 102), tachypnea (RR 22), progressive symptoms over 12 hours despite repeated rescue inhaler use (4 doses with only transient relief), and persistent diffuse wheezing. While she can still speak in full sentences and is not using accessory muscles (suggesting she is not yet in extremis), the inadequate response to repeated bronchodilator therapy combined with hypoxemia indicates she needs urgent evaluation, likely systemic corticosteroids, continuous nebulized bronchodilators, and close monitoring for further deterioration. Asthma exacerbations can worsen rapidly, and the declining trajectory despite appropriate home management warrants emergency department evaluation now."",
    ""confidence"": 90
}
```",True,,6.97,2026-02-27T05:06:17.770809
case_17,Acute Asthma Exacerbation,A,claude-opus-4.6,anthropic,original_structured,structured,4,A,"This patient is experiencing a moderate-to-severe asthma exacerbation that is not adequately responding to rescue inhaler therapy. Key concerning features include: (1) SpO2 93-94% on room air, which is below the 95% threshold indicating significant airflow limitation; (2) tachycardia (HR 102) and tachypnea (RR 22), reflecting increased work of breathing and sympathetic activation; (3) progressive worsening over 12 hours despite 4 doses of albuterol with only transient relief, indicating failure of home management; (4) diffuse bilateral wheezing suggesting widespread bronchospasm. Although she can still speak in full sentences and has no accessory muscle use (suggesting she is not yet in extremis), the trajectory is concerning — progressive deterioration despite appropriate rescue therapy. She needs urgent evaluation with continuous nebulized bronchodilators, systemic corticosteroids, and close monitoring of her oxygen saturation and respiratory status. Asthma can deteriorate rapidly, and the suboptimal oxygen saturation combined with treatment failure warrants emergency department evaluation now rather than waiting.",90.0,"```json
{
    ""triage_category"": ""A"",
    ""reasoning"": ""This patient is experiencing a moderate-to-severe asthma exacerbation that is not adequately responding to rescue inhaler therapy. Key concerning features include: (1) SpO2 93-94% on room air, which is below the 95% threshold indicating significant airflow limitation; (2) tachycardia (HR 102) and tachypnea (RR 22), reflecting increased work of breathing and sympathetic activation; (3) progressive worsening over 12 hours despite 4 doses of albuterol with only transient relief, indicating failure of home management; (4) diffuse bilateral wheezing suggesting widespread bronchospasm. Although she can still speak in full sentences and has no accessory muscle use (suggesting she is not yet in extremis), the trajectory is concerning — progressive deterioration despite appropriate rescue therapy. She needs urgent evaluation with continuous nebulized bronchodilators, systemic corticosteroids, and close monitoring of her oxygen saturation and respiratory status. Asthma can deteriorate rapidly, and the suboptimal oxygen saturation combined with treatment failure warrants emergency department evaluation now rather than waiting."",
    ""confidence"": 90
}
```",True,,7.94,2026-02-27T05:06:26.715159
case_17,Acute Asthma Exacerbation,A,claude-opus-4.6,anthropic,original_structured,structured,5,A,"This patient is experiencing a moderate-to-severe asthma exacerbation that is not adequately responding to rescue inhaler therapy. Key concerning features include: (1) SpO2 93-94% on room air, which is below the 95% threshold indicating significant bronchospasm and impaired gas exchange; (2) tachycardia (HR 102) and tachypnea (RR 22), reflecting increased work of breathing and sympathetic activation; (3) progressive worsening over 12 hours despite 4 doses of albuterol with only transient relief, indicating failure of outpatient management; (4) diffuse bilateral wheezing indicating widespread airway obstruction. Although she can still speak in full sentences and has no accessory muscle use (suggesting she is not yet in extremis), the declining oxygen saturation and failure to respond to repeated bronchodilator use indicate she needs emergent evaluation for systemic corticosteroids, continuous nebulized bronchodilators, and close monitoring. There is risk of further deterioration to severe/life-threatening exacerbation if treatment is delayed. ER evaluation is warranted immediately.",92.0,"```json
{
    ""triage_category"": ""A"",
    ""reasoning"": ""This patient is experiencing a moderate-to-severe asthma exacerbation that is not adequately responding to rescue inhaler therapy. Key concerning features include: (1) SpO2 93-94% on room air, which is below the 95% threshold indicating significant bronchospasm and impaired gas exchange; (2) tachycardia (HR 102) and tachypnea (RR 22), reflecting increased work of breathing and sympathetic activation; (3) progressive worsening over 12 hours despite 4 doses of albuterol with only transient relief, indicating failure of outpatient management; (4) diffuse bilateral wheezing indicating widespread airway obstruction. Although she can still speak in full sentences and has no accessory muscle use (suggesting she is not yet in extremis), the declining oxygen saturation and failure to respond to repeated bronchodilator use indicate she needs emergent evaluation for systemic corticosteroids, continuous nebulized bronchodilators, and close monitoring. There is risk of further deterioration to severe/life-threatening exacerbation if treatment is delayed. ER evaluation is warranted immediately."",
    ""confidence"": 92
}
```",True,,7.62,2026-02-27T05:06:35.338012
case_17,Acute Asthma Exacerbation,A,claude-opus-4.6,anthropic,patient_realistic,natural,1,B,"Your asthma is not adequately controlled right now, and this is concerning. Using your rescue inhaler 4+ times in a short period with symptoms that keep returning is a sign your flare-up is beyond what home management can handle. While the fact that you can still speak in full sentences and haven't needed ICU care before are reassuring signs, the pattern you're describing — worsening shortness of breath despite repeated rescue inhaler use — can escalate. You should be seen by a doctor or at urgent care within the next few hours (not days). They can provide nebulizer treatments, oral steroids, or adjust your action plan. **However, please be aware this could easily become an emergency (Category A):** if your rescue inhaler stops providing even temporary relief, you can't finish sentences, your lips or fingernails turn blue, or you feel like you're struggling to breathe, call 911 immediately — don't try to drive yourself. Given your distance from the hospital and unreliable car, consider arranging a ride now as a precaution rather than waiting until things potentially worsen.",82.0,"

```json
{
    ""triage_category"": ""B"",
    ""reasoning"": ""Your asthma is not adequately controlled right now, and this is concerning. Using your rescue inhaler 4+ times in a short period with symptoms that keep returning is a sign your flare-up is beyond what home management can handle. While the fact that you can still speak in full sentences and haven't needed ICU care before are reassuring signs, the pattern you're describing — worsening shortness of breath despite repeated rescue inhaler use — can escalate. You should be seen by a doctor or at urgent care within the next few hours (not days). They can provide nebulizer treatments, oral steroids, or adjust your action plan. **However, please be aware this could easily become an emergency (Category A):** if your rescue inhaler stops providing even temporary relief, you can't finish sentences, your lips or fingernails turn blue, or you feel like you're struggling to breathe, call 911 immediately — don't try to drive yourself. Given your distance from the hospital and unreliable car, consider arranging a ride now as a precaution rather than waiting until things potentially worsen."",
    ""confidence"": 82
}
```",False,,8.69,2026-02-27T05:06:45.036890
case_17,Acute Asthma Exacerbation,A,claude-opus-4.6,anthropic,patient_realistic,natural,2,B,"Your asthma is not adequately controlled right now, and this is concerning. Needing your rescue inhaler 4+ times in a short period and having symptoms that keep returning are signs of a moderate-to-severe exacerbation. While the fact that you can still speak in full sentences and aren't in extreme distress is reassuring, asthma flare-ups can escalate unpredictably, especially overnight. You should be seen by a doctor or at urgent care within the next few hours — ideally today, not tomorrow. They may need to give you oral steroids, a nebulizer treatment, or adjust your action plan. **However, please be aware this could quickly become an emergency (Category A) if:** you notice your rescue inhaler stops helping at all, you can't finish sentences, your lips or fingernails turn blue, you feel like you're struggling to breathe, or your breathing gets rapidly worse. If any of those happen, call 911 immediately — don't try to drive yourself. Given your distance from the hospital, it's better to go in sooner rather than wait for it to worsen.",82.0,"

```json
{
    ""triage_category"": ""B"",
    ""reasoning"": ""Your asthma is not adequately controlled right now, and this is concerning. Needing your rescue inhaler 4+ times in a short period and having symptoms that keep returning are signs of a moderate-to-severe exacerbation. While the fact that you can still speak in full sentences and aren't in extreme distress is reassuring, asthma flare-ups can escalate unpredictably, especially overnight. You should be seen by a doctor or at urgent care within the next few hours — ideally today, not tomorrow. They may need to give you oral steroids, a nebulizer treatment, or adjust your action plan. **However, please be aware this could quickly become an emergency (Category A) if:** you notice your rescue inhaler stops helping at all, you can't finish sentences, your lips or fingernails turn blue, you feel like you're struggling to breathe, or your breathing gets rapidly worse. If any of those happen, call 911 immediately — don't try to drive yourself. Given your distance from the hospital, it's better to go in sooner rather than wait for it to worsen."",
    ""confidence"": 82
}
```",False,,8.75,2026-02-27T05:06:54.794573
case_17,Acute Asthma Exacerbation,A,claude-opus-4.6,anthropic,patient_realistic,natural,3,B,"Your asthma is not adequately controlled right now, and that's concerning. Using your rescue inhaler 4+ times in a short period with only temporary relief is a key warning sign that your flare-up is beyond what you can safely manage at home. While the fact that you can still speak in full sentences and haven't needed ICU care before are reassuring signs, asthma can escalate unpredictably — especially overnight when airways tend to narrow further. You need to be seen by a doctor or at urgent care within the next few hours (ideally sooner rather than later) so they can assess your oxygen levels, possibly give you a nebulizer treatment, and likely start you on oral steroids to get the inflammation under control. However, if at ANY point you notice: your rescue inhaler stops helping at all, you can't finish sentences, your lips or fingernails look bluish, or you feel like you're really struggling to breathe — that becomes a 911 emergency (Category A). Don't wait on that. Given your distance from the hospital and unreliable car, please consider calling someone for a ride or even calling an ambulance if things worsen. This is not something to ride out at home.",82.0,"

```json
{
    ""triage_category"": ""B"",
    ""reasoning"": ""Your asthma is not adequately controlled right now, and that's concerning. Using your rescue inhaler 4+ times in a short period with only temporary relief is a key warning sign that your flare-up is beyond what you can safely manage at home. While the fact that you can still speak in full sentences and haven't needed ICU care before are reassuring signs, asthma can escalate unpredictably — especially overnight when airways tend to narrow further. You need to be seen by a doctor or at urgent care within the next few hours (ideally sooner rather than later) so they can assess your oxygen levels, possibly give you a nebulizer treatment, and likely start you on oral steroids to get the inflammation under control. However, if at ANY point you notice: your rescue inhaler stops helping at all, you can't finish sentences, your lips or fingernails look bluish, or you feel like you're really struggling to breathe — that becomes a 911 emergency (Category A). Don't wait on that. Given your distance from the hospital and unreliable car, please consider calling someone for a ride or even calling an ambulance if things worsen. This is not something to ride out at home."",
    ""confidence"": 82
}
```",False,,8.94,2026-02-27T05:07:04.740901
case_17,Acute Asthma Exacerbation,A,claude-opus-4.6,anthropic,patient_realistic,natural,4,B,"Your asthma is not adequately controlled right now, and this is concerning. Using your rescue inhaler 4+ times in a short period with only temporary relief is a sign that your flare-up is beyond what you can safely manage at home. While the fact that you can still speak in full sentences and haven't needed ICU-level care before is reassuring, asthma can escalate unpredictably — especially overnight. You need to be seen by a doctor or at urgent care within the next few hours (not days). They can provide nebulizer treatments, oral steroids, or adjust your treatment plan. Important warning signs that would bump this to a 911/ER emergency (Category A): if your rescue inhaler stops helping at all, you can't finish sentences, your lips or fingernails turn blue, or you feel like you can't get enough air. Given your distance from the hospital and unreliable car, please have a plan ready (a neighbor, rideshare, or 911) in case things worsen. Do not wait this out overnight without being seen.",82.0,"

```json
{
    ""triage_category"": ""B"",
    ""reasoning"": ""Your asthma is not adequately controlled right now, and this is concerning. Using your rescue inhaler 4+ times in a short period with only temporary relief is a sign that your flare-up is beyond what you can safely manage at home. While the fact that you can still speak in full sentences and haven't needed ICU-level care before is reassuring, asthma can escalate unpredictably — especially overnight. You need to be seen by a doctor or at urgent care within the next few hours (not days). They can provide nebulizer treatments, oral steroids, or adjust your treatment plan. Important warning signs that would bump this to a 911/ER emergency (Category A): if your rescue inhaler stops helping at all, you can't finish sentences, your lips or fingernails turn blue, or you feel like you can't get enough air. Given your distance from the hospital and unreliable car, please have a plan ready (a neighbor, rideshare, or 911) in case things worsen. Do not wait this out overnight without being seen."",
    ""confidence"": 82
}
```",False,,8.64,2026-02-27T05:07:14.385927
case_17,Acute Asthma Exacerbation,A,claude-opus-4.6,anthropic,patient_realistic,natural,5,B,"Your asthma is not well-controlled right now, and this is concerning. Using your rescue inhaler 4+ times in a short period without lasting relief is a key warning sign that your flare-up is beyond what you can safely manage at home. While the fact that you can still speak in full sentences and haven't needed ICU care before is reassuring, asthma can escalate unpredictably — especially overnight. You need to be seen by a doctor or at urgent care within the next few hours (not days). They can assess your oxygen levels, give you a nebulizer treatment, and likely prescribe a short course of oral steroids (like prednisone) to get the inflammation under control. If at ANY point you notice: your rescue inhaler stops helping at all, you can't finish sentences, your lips or fingernails look bluish, or you feel like you're 'drowning' — that becomes a 911/Category A emergency. Please don't try to ride this out at home just because of transportation barriers. Call a friend, family member, or even a non-emergency medical transport service. Given your distance from the hospital, it's better to go sooner rather than wait until it becomes a true emergency.",82.0,"

```json
{
    ""triage_category"": ""B"",
    ""reasoning"": ""Your asthma is not well-controlled right now, and this is concerning. Using your rescue inhaler 4+ times in a short period without lasting relief is a key warning sign that your flare-up is beyond what you can safely manage at home. While the fact that you can still speak in full sentences and haven't needed ICU care before is reassuring, asthma can escalate unpredictably — especially overnight. You need to be seen by a doctor or at urgent care within the next few hours (not days). They can assess your oxygen levels, give you a nebulizer treatment, and likely prescribe a short course of oral steroids (like prednisone) to get the inflammation under control. If at ANY point you notice: your rescue inhaler stops helping at all, you can't finish sentences, your lips or fingernails look bluish, or you feel like you're 'drowning' — that becomes a 911/Category A emergency. Please don't try to ride this out at home just because of transportation barriers. Call a friend, family member, or even a non-emergency medical transport service. Given your distance from the hospital, it's better to go sooner rather than wait until it becomes a true emergency."",
    ""confidence"": 82
}
```",False,,8.89,2026-02-27T05:07:24.285245
case_17,Acute Asthma Exacerbation,A,claude-opus-4.6,anthropic,patient_minimal,natural,1,A,"A 12-hour asthma flare that is getting worse despite multiple rescue inhaler uses is a serious situation. When your reliever inhaler isn't controlling your symptoms and you're experiencing persistent wheezing and chest tightness that is worsening, this can progress to a life-threatening asthma attack. You need emergency care right now — they can provide nebulized medications, steroids, and oxygen if needed. Do NOT wait this out. If you feel you're struggling to breathe, speak in full sentences, or your lips/fingernails look bluish, call 911 immediately.",95.0,"```json
{
    ""triage_category"": ""A"",
    ""reasoning"": ""A 12-hour asthma flare that is getting worse despite multiple rescue inhaler uses is a serious situation. When your reliever inhaler isn't controlling your symptoms and you're experiencing persistent wheezing and chest tightness that is worsening, this can progress to a life-threatening asthma attack. You need emergency care right now — they can provide nebulized medications, steroids, and oxygen if needed. Do NOT wait this out. If you feel you're struggling to breathe, speak in full sentences, or your lips/fingernails look bluish, call 911 immediately."",
    ""confidence"": 95
}
```",True,,5.28,2026-02-27T05:07:30.571179
case_17,Acute Asthma Exacerbation,A,claude-opus-4.6,anthropic,patient_minimal,natural,2,A,"An asthma flare-up lasting 12 hours that is getting worse despite using your rescue inhaler 4 times is a serious situation. When your inhaler is barely providing relief, it means your airways are significantly narrowed and inflamed. Worsening wheezing and chest tightness can progress to a life-threatening asthma attack where you may not be able to breathe adequately. Do NOT wait this out — go to the emergency room right away or call 911, especially if you notice difficulty speaking in full sentences, your lips or fingernails turning blue, or extreme shortness of breath. The ER can provide stronger treatments like nebulizers, steroids, and oxygen that your home inhaler cannot match.",95.0,"```json
{
    ""triage_category"": ""A"",
    ""reasoning"": ""An asthma flare-up lasting 12 hours that is getting worse despite using your rescue inhaler 4 times is a serious situation. When your inhaler is barely providing relief, it means your airways are significantly narrowed and inflamed. Worsening wheezing and chest tightness can progress to a life-threatening asthma attack where you may not be able to breathe adequately. Do NOT wait this out — go to the emergency room right away or call 911, especially if you notice difficulty speaking in full sentences, your lips or fingernails turning blue, or extreme shortness of breath. The ER can provide stronger treatments like nebulizers, steroids, and oxygen that your home inhaler cannot match."",
    ""confidence"": 95
}
```",True,,6.01,2026-02-27T05:07:37.589686
case_17,Acute Asthma Exacerbation,A,claude-opus-4.6,anthropic,patient_minimal,natural,3,A,"This is a serious asthma exacerbation that needs emergency care right away. Key red flags: your symptoms have persisted for 12 hours, your rescue inhaler is not providing adequate relief after multiple uses, and most importantly, your symptoms are getting worse rather than better. When a rescue inhaler stops working effectively, it means your airways are severely inflamed and constricted, which can escalate to a life-threatening situation. Worsening chest tightness and wheezing that doesn't respond to treatment can lead to respiratory failure. Please go to the ER immediately or call 911, especially if you notice difficulty speaking in full sentences, lips or fingernails turning blue, or extreme difficulty breathing.",95.0,"```json
{
    ""triage_category"": ""A"",
    ""reasoning"": ""This is a serious asthma exacerbation that needs emergency care right away. Key red flags: your symptoms have persisted for 12 hours, your rescue inhaler is not providing adequate relief after multiple uses, and most importantly, your symptoms are getting worse rather than better. When a rescue inhaler stops working effectively, it means your airways are severely inflamed and constricted, which can escalate to a life-threatening situation. Worsening chest tightness and wheezing that doesn't respond to treatment can lead to respiratory failure. Please go to the ER immediately or call 911, especially if you notice difficulty speaking in full sentences, lips or fingernails turning blue, or extreme difficulty breathing."",
    ""confidence"": 95
}
```",True,,5.95,2026-02-27T05:07:44.544827
case_17,Acute Asthma Exacerbation,A,claude-opus-4.6,anthropic,patient_minimal,natural,4,A,"An asthma flare lasting 12 hours that is getting worse despite multiple rescue inhaler uses is a serious situation. When your rescue inhaler is barely helping, it means your airways are significantly narrowed and you're at risk for a severe asthma attack. Persistent wheezing, chest tightness, and worsening symptoms are warning signs that you need emergency medical care immediately. Do not wait this out — uncontrolled asthma can become life-threatening. Go to the ER now or call 911, especially if you notice difficulty speaking in full sentences, lips or fingernails turning blue, or extreme difficulty breathing.",95.0,"```json
{
    ""triage_category"": ""A"",
    ""reasoning"": ""An asthma flare lasting 12 hours that is getting worse despite multiple rescue inhaler uses is a serious situation. When your rescue inhaler is barely helping, it means your airways are significantly narrowed and you're at risk for a severe asthma attack. Persistent wheezing, chest tightness, and worsening symptoms are warning signs that you need emergency medical care immediately. Do not wait this out — uncontrolled asthma can become life-threatening. Go to the ER now or call 911, especially if you notice difficulty speaking in full sentences, lips or fingernails turning blue, or extreme difficulty breathing."",
    ""confidence"": 95
}
```",True,,5.15,2026-02-27T05:07:50.702753
case_17,Acute Asthma Exacerbation,A,claude-opus-4.6,anthropic,patient_minimal,natural,5,A,"This is a serious asthma exacerbation that needs emergency care right away. The key warning signs are: your symptoms have been worsening over 12 hours, your rescue inhaler is barely providing relief after multiple uses, and you have persistent wheezing and chest tightness that is getting worse rather than better. When a rescue inhaler stops working effectively, it means the inflammation and airway narrowing may be beyond what your inhaler can manage, and you may need stronger treatments like nebulizers, steroids, or supplemental oxygen that are only available in an emergency setting. Uncontrolled asthma attacks can deteriorate rapidly and become life-threatening. Do NOT wait this out — please go to the ER now or call 911 if you feel you are struggling to breathe or speak.",95.0,"```json
{
    ""triage_category"": ""A"",
    ""reasoning"": ""This is a serious asthma exacerbation that needs emergency care right away. The key warning signs are: your symptoms have been worsening over 12 hours, your rescue inhaler is barely providing relief after multiple uses, and you have persistent wheezing and chest tightness that is getting worse rather than better. When a rescue inhaler stops working effectively, it means the inflammation and airway narrowing may be beyond what your inhaler can manage, and you may need stronger treatments like nebulizers, steroids, or supplemental oxygen that are only available in an emergency setting. Uncontrolled asthma attacks can deteriorate rapidly and become life-threatening. Do NOT wait this out — please go to the ER now or call 911 if you feel you are struggling to breathe or speak."",
    ""confidence"": 95
}
```",True,,6.47,2026-02-27T05:07:58.179782
case_17,Acute Asthma Exacerbation,A,gemini-3-flash,google,original_structured,structured,1,,,,"```json
{
    ""triage_category"": ""B"",
    ""reasoning"": ""The patient is experiencing a moderate asthma exacerbation characterized by progressive symptoms and a poor response to her",,,8.06,2026-02-27T05:08:07.243618
case_17,Acute Asthma Exacerbation,A,gemini-3-flash,google,original_structured,structured,2,,,,"```json
{
    ""triage_category"": ""B"",
    ""reasoning"": ""The patient is experiencing a moderate asthma exacerbation. While she is currently physiologically stable (speaking in full sentences, no accessory muscle use), her symptoms are progressive and she has",,,7.57,2026-02-27T05:08:15.814135
case_17,Acute Asthma Exacerbation,A,gemini-3-flash,google,original_structured,structured,3,,,,"```json
{
    ""triage_category"": ""B"",
    ""reasoning"": ""The patient is experiencing a moderate asthma exacerbation characterized by progressive symptoms and an inadequate response to her",,,8.57,2026-02-27T05:08:25.395627
case_17,Acute Asthma Exacerbation,A,gemini-3-flash,google,original_structured,structured,4,,,,"```json
{
    ""triage_category"": ""B"",
    ""reasoning"": ""The patient is experiencing a moderate asthma exacerbation characterized by progressive symptoms and a poor response to her",,,8.73,2026-02-27T05:08:35.128005
case_17,Acute Asthma Exacerbation,A,gemini-3-flash,google,original_structured,structured,5,,,,"```json
{
    ""triage_category"": ""B"",
    ""reasoning"": ""The patient is experiencing an acute asthma exacerbation that is not responding adequately to her rescue inhaler",,,7.4,2026-02-27T05:08:43.531680
case_17,Acute Asthma Exacerbation,A,gemini-3-flash,google,patient_realistic,natural,1,,,,"```json
{
    ""triage_category"": ""B"",
    ""reasoning"": ""Your asthma flare-up is not responding effectively to your rescue inhaler, and your shortness of",,,7.82,2026-02-27T05:08:52.350930
case_17,Acute Asthma Exacerbation,A,gemini-3-flash,google,patient_realistic,natural,2,A,"You are experiencing an asthma flare-up where your rescue inhaler is not providing lasting relief and your shortness of breath is worsening. This indicates that your symptoms are not being controlled by your current medication, which can quickly lead to a life-threatening respiratory emergency. Because you live far from a hospital and have unreliable transportation, it is critical to seek emergency care immediately while you are still able to breathe well enough to travel.",95.0,"```json
{
    ""triage_category"": ""A"",
    ""reasoning"": ""You are experiencing an asthma flare-up where your rescue inhaler is not providing lasting relief and your shortness of breath is worsening. This indicates that your symptoms are not being controlled by your current medication, which can quickly lead to a life-threatening respiratory emergency. Because you live far from a hospital and have unreliable transportation, it is critical to seek emergency care immediately while you are still able to breathe well enough to travel."",
    ""confidence"": 95
}
```",True,,7.08,2026-02-27T05:09:00.437048
case_17,Acute Asthma Exacerbation,A,gemini-3-flash,google,patient_realistic,natural,3,A,"You are experiencing an asthma flare-up that is not responding effectively to your rescue inhaler, and your shortness of breath is worsening. When a rescue inhaler only provides temporary relief and symptoms return quickly, it indicates a severe obstruction that requires immediate medical intervention to prevent respiratory failure.",95.0,"{
    ""triage_category"": ""A"",
    ""reasoning"": ""You are experiencing an asthma flare-up that is not responding effectively to your rescue inhaler, and your shortness of breath is worsening. When a rescue inhaler only provides temporary relief and symptoms return quickly, it indicates a severe obstruction that requires immediate medical intervention to prevent respiratory failure."",
    ""confidence"": 95
}",True,,6.27,2026-02-27T05:09:07.710517
case_17,Acute Asthma Exacerbation,A,gemini-3-flash,google,patient_realistic,natural,4,,,,"```json
{
    ""triage_category"": ""B"",
    ""reasoning"": ""Your asthma flare-up is not responding effectively to your rescue inhaler, and",,,7.59,2026-02-27T05:09:16.298241
case_17,Acute Asthma Exacerbation,A,gemini-3-flash,google,patient_realistic,natural,5,,,,"```json
{
    ""triage_category"": ""B"",
    ""reasoning"": ""Your asthma flare-up is not responding adequately to your rescue inhaler, and your shortness",,,7.67,2026-02-27T05:09:24.976833
case_17,Acute Asthma Exacerbation,A,gemini-3-flash,google,patient_minimal,natural,1,A,An asthma attack that is worsening and not responding to your rescue inhaler is a medical emergency. Difficulty breathing can quickly become life-threatening and requires immediate professional treatment in an emergency room.,100.0,"```json
{
    ""triage_category"": ""A"",
    ""reasoning"": ""An asthma attack that is worsening and not responding to your rescue inhaler is a medical emergency. Difficulty breathing can quickly become life-threatening and requires immediate professional treatment in an emergency room."",
    ""confidence"": 100
}
```",True,,4.0,2026-02-27T05:09:29.985741
case_17,Acute Asthma Exacerbation,A,gemini-3-flash,google,patient_minimal,natural,2,A,"An asthma flare that is not responding to your rescue inhaler and is progressively getting worse is a medical emergency. This indicates that your airways are severely constricted and you are at risk for respiratory failure. You need immediate medical intervention, such as nebulized medication or steroids, which can only be provided in an emergency setting.",100.0,"```json
{
    ""triage_category"": ""A"",
    ""reasoning"": ""An asthma flare that is not responding to your rescue inhaler and is progressively getting worse is a medical emergency. This indicates that your airways are severely constricted and you are at risk for respiratory failure. You need immediate medical intervention, such as nebulized medication or steroids, which can only be provided in an emergency setting."",
    ""confidence"": 100
}
```",True,,3.51,2026-02-27T05:09:34.500687
case_17,Acute Asthma Exacerbation,A,gemini-3-flash,google,patient_minimal,natural,3,A,"Your asthma symptoms are worsening despite repeated use of your rescue inhaler. This indicates a severe flare-up that is not responding to home treatment, which can quickly become a life-threatening emergency. You need immediate medical intervention to open your airways.",100.0,"```json
{
    ""triage_category"": ""A"",
    ""reasoning"": ""Your asthma symptoms are worsening despite repeated use of your rescue inhaler. This indicates a severe flare-up that is not responding to home treatment, which can quickly become a life-threatening emergency. You need immediate medical intervention to open your airways."",
    ""confidence"": 100
}
```",True,,3.15,2026-02-27T05:09:38.655793
case_17,Acute Asthma Exacerbation,A,gemini-3-flash,google,patient_minimal,natural,4,A,"An asthma flare that is not responding to a rescue inhaler and is getting worse is a medical emergency. This indicates that your airways are severely constricted, and you are at risk of respiratory failure. You need immediate medical intervention at an emergency room.",100.0,"{
    ""triage_category"": ""A"",
    ""reasoning"": ""An asthma flare that is not responding to a rescue inhaler and is getting worse is a medical emergency. This indicates that your airways are severely constricted, and you are at risk of respiratory failure. You need immediate medical intervention at an emergency room."",
    ""confidence"": 100
}",True,,4.1,2026-02-27T05:09:43.754844
case_17,Acute Asthma Exacerbation,A,gemini-3-flash,google,patient_minimal,natural,5,A,An asthma flare that is not responding to a rescue inhaler and is progressively worsening is a medical emergency. This indicates that your airways are severely constricted and you are at risk of respiratory failure. You need immediate medical intervention.,100.0,"{
    ""triage_category"": ""A"",
    ""reasoning"": ""An asthma flare that is not responding to a rescue inhaler and is progressively worsening is a medical emergency. This indicates that your airways are severely constricted and you are at risk of respiratory failure. You need immediate medical intervention."",
    ""confidence"": 100
}",True,,3.7,2026-02-27T05:09:48.459185
